{"threads":[{"stringArray":["runFrontend","Import","Elab.command: Lean.Parser.Command.eval","solveAndCheck","solve","checkProof","withDecls","smt.reconstruct.proof","smt.reconstruct.term.NOT","smt.reconstruct.term.AND","smt.reconstruct.proof.SCOPE","smt.reconstruct.proof.CHAIN_RESOLUTION","smt.reconstruct.proof.REORDERING","smt.reconstruct.proof.EQ_RESOLVE","smt.reconstruct.proof.NOT_AND","smt.reconstruct.proof.CONTRA","smt.reconstruct.proof.ARITH_SUM_UB","smt.reconstruct.proof.TRANS","smt.reconstruct.proof.CONG","smt.reconstruct.proof.ARITH_POLY_NORM","smt.reconstruct.proof.NARY_CONG","kernel"],"stackTable":{"subcategory":[0,0,0,0,0,0,0,0,0,0,0,0,0,0,0,0,0,0,0,0,0,0,0,0,0,0,0,0,0,0,0,0,0,0,0],"prefix":[null,0,0,2,3,3,5,6,7,8,7,10,11,12,13,14,15,16,17,18,19,20,21,21,23,24,25,26,27,28,28,30,31,30,6],"length":35,"frame":[0,1,2,3,4,5,6,7,8,9,10,10,11,12,13,14,10,15,13,13,10,13,16,17,17,18,17,18,17,19,17,20,19,19,21],"category":[0,0,1,0,0,0,0,0,0,0,0,0,0,0,0,0,0,0,0,0,0,0,0,0,0,0,0,0,0,0,0,0,0,0,0]},"samples":{"weightType":"tracing-ms","weight":[0,402.293957,0.10113,1.786687,0.016341,84.071651,0.153309,2.251613,4.599827,0.018726,0.09586,24.341789,0.372251,0.40851,0.059322,51.087016,0.067768,1.262108,0.973625,0.048231,3.024529,1.546865,0.100369,0.026851,0.159851,0.70566,16.584421,0.03218,0.146587,0.044343,0.026019,0.04229,0.026049,0.042029,1097.616414,0.102243,0.085962,5.385638,58.335836,0.041138,58.032644,0.039785,58.803838,0.049433,62.232087,0.046869,61.893109,0.047629,57.855601,0.039224,59.316263,0.039915,59.173625,0.046908,58.412019,0.039435,59.605929,0.040536,61.518583,0.046718,61.719933,0.039715,59.12897,0.046578,59.856531,0.040626,58.090644,0.040226,60.401238,6.693653,0.04252,980.580335,0.019848,0.006492,1.757221,1.540323,0.114866,1.301603,0.018675,0.007825,0.02684,1.271206,0.120437,0.007975,0.009267,0.009057,9.679901,19.364479,7.792164,0.02691,0.016992,0.054563,23.945201,74300.241955,0.494763,0.00581,0.003768,0.03715,0.184567],"time":[79538581.404777,79538581.404777,79538983.698734,79538983.799864,79538985.586551,79538985.602892,79539069.674543,79539069.827852,79539072.079465,79539076.679292,79539076.698018,79539076.793878,79539101.135667,79539101.507918,79539101.916428,79539101.97575,79539153.062766,79539153.130534,79539154.392642,79539155.366267,79539155.414498,79539158.439027,79539159.985892,79539160.086261,79539160.113112,79539160.272963,79539160.978623,79539177.563044,79539177.595224,79539177.741811,79539177.786154,79539177.812173,79539177.854463,79539177.880512,79539177.922541,79540275.538955,79540275.641198,79540275.72716,79540281.112798,79540339.448634,79540339.489772,79540397.522416,79540397.562201,79540456.366039,79540456.415472,79540518.647559,79540518.694428,79540580.587537,79540580.635166,79540638.490767,79540638.529991,79540697.846254,79540697.886169,79540757.059794,79540757.106702,79540815.518721,79540815.558156,79540875.164085,79540875.204621,79540936.723204,79540936.769922,79540998.489855,79540998.52957,79541057.65854,79541057.705118,79541117.561649,79541117.602275,79541175.692919,79541175.733145,79541236.134383,79541242.828036,79541242.870556,79542223.450891,79542223.470739,79542223.477231,79542225.234452,79542226.774775,79542226.889641,79542228.191244,79542228.209919,79542228.217744,79542228.244584,79542229.51579,79542229.636227,79542229.644202,79542229.653469,79542229.662526,79542239.342427,79542258.706906,79542266.49907,79542266.52598,79542266.542972,79542266.597535,79542290.542736,79616590.784691,79616591.279454,79616591.285264,79616591.289032,79616591.326182],"stack":[0,1,0,2,3,4,3,5,6,7,8,9,8,7,10,11,12,13,14,15,16,17,18,19,20,21,22,21,23,24,25,26,27,28,29,28,30,31,32,31,32,31,32,31,32,31,32,31,32,31,32,31,32,31,32,31,32,31,32,31,32,31,32,31,32,31,32,31,32,31,30,33,30,28,27,26,25,24,23,21,20,19,18,17,16,15,14,13,12,11,10,7,6,34,6,5,3,2,0],"length":99},"resourceTable":{"type":[],"length":0},"processType":"default","name":"Temp","markers":{"name":[],"length":0,"data":[]},"isMainThread":true,"funcTable":{"resource":[-1,-1,-1,-1,-1,-1,-1,-1,-1,-1,-1,-1,-1,-1,-1,-1,-1,-1,-1,-1,-1,-1],"relevantForJS":[],"name":[0,1,2,3,4,5,6,7,8,9,10,11,12,13,14,15,16,17,18,19,20,21],"lineNumber":[null,null,null,null,null,null,null,null,null,null,null,null,null,null,null,null,null,null,null,null,null,null],"length":22,"isJS":[],"fileName":[null,null,null,null,null,null,null,null,null,null,null,null,null,null,null,null,null,null,null,null,null,null],"columnNumber":[null,null,null,null,null,null,null,null,null,null,null,null,null,null,null,null,null,null,null,null,null,null]},"frameTable":{"length":22,"innerWindowID":[],"inlineDepth":[],"func":[0,1,2,3,4,5,6,7,8,9,10,11,12,13,14,15,16,17,18,19,20,21]}}],"meta":{"startTime":79538.581405,"product":"lean","processType":0,"preprocessedProfileVersion":48,"markerSchema":[],"interval":0,"categories":[{"subcategories":[],"name":"Other","color":"gray"},{"subcategories":[],"name":"Elab","color":"red"},{"subcategories":[],"name":"Meta","color":"yellow"}]},"libs":[]}