{"threads":[{"stringArray":["runFrontend","Import","Elab.command: Lean.Parser.Command.eval","solveAndCheck","solve","checkProof","withDecls","smt.reconstruct.proof","smt.reconstruct.term.NOT","smt.reconstruct.term.AND","smt.reconstruct.proof.SCOPE","smt.reconstruct.proof.CHAIN_RESOLUTION","smt.reconstruct.proof.REORDERING","smt.reconstruct.proof.EQ_RESOLVE","smt.reconstruct.proof.NOT_AND","smt.reconstruct.proof.CONTRA","smt.reconstruct.proof.ARITH_SUM_UB","smt.reconstruct.proof.TRANS","smt.reconstruct.proof.CONG","smt.reconstruct.proof.ARITH_POLY_NORM","Meta.synthInstance","Meta.check","compiler","smt.reconstruct.proof.NARY_CONG","kernel"],"stackTable":{"subcategory":[0,0,0,0,0,0,0,0,0,0,0,0,0,0,0,0,0,0,0,0,0,0,0,0,0,0,0,0,0,0,0,0,0,0,0,0,0,0,0,0,0],"prefix":[null,0,0,2,3,3,5,6,7,8,7,10,11,12,13,14,15,16,17,18,19,20,21,21,23,24,25,26,27,28,29,30,29,28,33,34,33,36,37,36,6],"length":41,"frame":[0,1,2,3,4,5,6,7,8,9,10,10,11,12,13,14,10,15,13,13,10,13,16,17,17,18,17,18,17,19,20,21,22,17,23,19,19,20,21,22,24],"category":[0,0,1,0,0,0,0,0,0,0,0,0,0,0,0,0,0,0,0,0,0,0,0,0,0,0,0,0,0,0,2,2,0,0,0,0,0,2,2,0,0]},"samples":{"weightType":"tracing-ms","weight":[0,387.548119,0.105518,1.823737,0.011973,82.089468,0.150082,2.255511,4.555564,0.015539,0.097013,22.921744,0.379575,0.40849,0.059862,49.809901,0.0581,1.04543,0.97124,0.047199,3.013979,1.544611,0.093677,0.02663,0.160382,0.703876,15.243475,0.031369,0.145304,0.043482,0.025678,0.04226,0.025608,0.041779,1069.069055,1.010414,12.789791,0.006933,1.769264,153.425752,0.031971,0.099717,0.085752,5.305798,65.574347,0.061566,69.247309,0.091642,64.815468,0.048551,60.989928,0.046147,61.131686,0.047569,61.185107,0.045485,61.633511,0.059873,61.097942,0.048181,62.074291,0.064803,61.244317,0.045516,61.100206,0.044714,61.896818,0.059893,61.154358,0.047099,61.388749,0.04739,61.252322,0.045386,61.568939,6.637448,0.043231,920.762368,0.979476,21.395627,0.007955,1.814159,130.720537,0.028584,0.035577,0.014397,2.023944,1.62406,0.116791,1.293988,0.02148,0.008436,0.038062,1.271606,0.118654,0.007814,0.008887,0.01561,9.23374,19.004401,6.544933,0.030057,0.01576,0.059712,12.404405,3956.672297,0.85941,0.006031,0.003877,0.035998,0.180741],"time":[79466600.166854,79466600.166854,79466987.714973,79466987.820491,79466989.644228,79466989.656201,79467071.745669,79467071.895751,79467074.151262,79467078.706826,79467078.722365,79467078.819378,79467101.741122,79467102.120697,79467102.529187,79467102.589049,79467152.39895,79467152.45705,79467153.50248,79467154.47372,79467154.520919,79467157.534898,79467159.079509,79467159.173186,79467159.199816,79467159.360198,79467160.064074,79467175.307549,79467175.338918,79467175.484222,79467175.527704,79467175.553382,79467175.595642,79467175.62125,79467175.663029,79468244.732084,79468245.742498,79468258.532289,79468258.539222,79468260.308486,79468413.734238,79468413.766209,79468413.865926,79468413.951678,79468419.257476,79468484.831823,79468484.893389,79468554.140698,79468554.23234,79468619.047808,79468619.096359,79468680.086287,79468680.132434,79468741.26412,79468741.311689,79468802.496796,79468802.542281,79468864.175792,79468864.235665,79468925.333607,79468925.381788,79468987.456079,79468987.520882,79469048.765199,79469048.810715,79469109.910921,79469109.955635,79469171.852453,79469171.912346,79469233.066704,79469233.113803,79469294.502552,79469294.549942,79469355.802264,79469355.84765,79469417.416589,79469424.054037,79469424.097268,79470344.859636,79470345.839112,79470367.234739,79470367.242694,79470369.056853,79470499.77739,79470499.805974,79470499.841551,79470499.855948,79470501.879892,79470503.503952,79470503.620743,79470504.914731,79470504.936211,79470504.944647,79470504.982709,79470506.254315,79470506.372969,79470506.380783,79470506.38967,79470506.40528,79470515.63902,79470534.643421,79470541.188354,79470541.218411,79470541.234171,79470541.293883,79470553.698288,79474510.370585,79474511.229995,79474511.236026,79474511.239903,79474511.275901],"stack":[0,1,0,2,3,4,3,5,6,7,8,9,8,7,10,11,12,13,14,15,16,17,18,19,20,21,22,21,23,24,25,26,27,28,29,30,31,30,29,32,29,28,33,34,35,34,35,34,35,34,35,34,35,34,35,34,35,34,35,34,35,34,35,34,35,34,35,34,35,34,35,34,35,34,35,34,33,36,37,38,37,36,39,36,33,28,27,26,25,24,23,21,20,19,18,17,16,15,14,13,12,11,10,7,6,40,6,5,3,2,0],"length":111},"resourceTable":{"type":[],"length":0},"processType":"default","name":"Temp","markers":{"name":[],"length":0,"data":[]},"isMainThread":true,"funcTable":{"resource":[-1,-1,-1,-1,-1,-1,-1,-1,-1,-1,-1,-1,-1,-1,-1,-1,-1,-1,-1,-1,-1,-1,-1,-1,-1],"relevantForJS":[],"name":[0,1,2,3,4,5,6,7,8,9,10,11,12,13,14,15,16,17,18,19,20,21,22,23,24],"lineNumber":[null,null,null,null,null,null,null,null,null,null,null,null,null,null,null,null,null,null,null,null,null,null,null,null,null],"length":25,"isJS":[],"fileName":[null,null,null,null,null,null,null,null,null,null,null,null,null,null,null,null,null,null,null,null,null,null,null,null,null],"columnNumber":[null,null,null,null,null,null,null,null,null,null,null,null,null,null,null,null,null,null,null,null,null,null,null,null,null]},"frameTable":{"length":25,"innerWindowID":[],"inlineDepth":[],"func":[0,1,2,3,4,5,6,7,8,9,10,11,12,13,14,15,16,17,18,19,20,21,22,23,24]}}],"meta":{"startTime":79466.600167,"product":"lean","processType":0,"preprocessedProfileVersion":48,"markerSchema":[],"interval":0,"categories":[{"subcategories":[],"name":"Other","color":"gray"},{"subcategories":[],"name":"Elab","color":"red"},{"subcategories":[],"name":"Meta","color":"yellow"}]},"libs":[]}